{
  "project_info": {
    "project_number": "1068811166623",
    "firebase_url": "https://docapp-f2134.firebaseio.com",
    "project_id": "docapp-f2134",
    "storage_bucket": "docapp-f2134.appspot.com"
  },
  "client": [
    {
      "client_info": {
        "mobilesdk_app_id": "1:1068811166623:android:e737be811e67cd4efbd3aa",
        "android_client_info": {
          "package_name": "com.example.docapp"
        }
      },
      "oauth_client": [
        {
          "client_id": "1068811166623-3c4llvkorruq0o0dhff4e4551cmdev8n.apps.googleusercontent.com",
          "client_type": 1,
          "android_info": {
            "package_name": "com.example.docapp",
            "certificate_hash": "592f53e3e63cb0c08526f6c3ff2ad7db225fbf0e"
          }
        },
        {
          "client_id": "1068811166623-597dbmo5qjfupkvgb12d4s4souud5kal.apps.googleusercontent.com",
          "client_type": 1,
          "android_info": {
            "package_name": "com.example.docapp",
            "certificate_hash": "747fa7b2b8e6d2b01d4b603e056e69ff5697c18b"
          }
        },
        {
          "client_id": "1068811166623-ocgbh1ujtactvn4kumdq7fmp97iiuo1d.apps.googleusercontent.com",
          "client_type": 3
        }
      ],
      "api_key": [
        {
          "current_key": "AIzaSyBtDWikVWCvdIk2nYokiIinSSPeJF-Ad0o"
        }
      ],
      "services": {
        "appinvite_service": {
          "other_platform_oauth_client": [
            {
              "client_id": "1068811166623-ocgbh1ujtactvn4kumdq7fmp97iiuo1d.apps.googleusercontent.com",
              "client_type": 3
            }
          ]
        }
      }
    }
  ],
  "configuration_version": "1"
}